Bob,New York Jets,,Detroit Lions,
Bob2,Las Vegas Raiders,,Carolina Panthers,
Bob4,Indianapolis Colts,,Minnesota Vikings,
Not Bob,Cincinnati Bengals,,Los Angeles Rams,
Marla,Pittsburgh Steelers,,New Orleans Saints,
Bob Again,New England Patriots,,Arizona Cardinals,
OG Bob,Buffalo Bills,,Philadelphia Eagles,
The Rise of Bob,Tennessee Titans,,New York Giants,
Robert,Houston Texans,,Tampa Bay Buccaneers,
Boob,Miami Dolphins,,Green Bay Packers,
Bobert,Kansas City Chiefs,,Atlanta Falcons,
Steve,Jacksonville Jaguars,,San Francisco 49ers,
Steven With A P,Los Angeles Chargers,,Washington Commanders,
Stebe,Denver Broncos,,Seattle Seahawks,
Stebe Is A Stupid Name,Baltimore Ravens,,Chicago Bears,
Joe,Cleveland Browns,,Dallas Cowboys,